<?xml version="1.0.1" encoding="UTF-8" standalone="yes"?>
<addon id="repository.ukturk" name="UKTurk Addon Repository" version="3.0.0" provider-name="UKTurk">
		<extension point="xbmc.addon.repository" name="UKTurk Addon Repository">
				<info compressed="false">https://ukturks.app/api/Repository/addons.xml</info>
				<checksum>https://ukturks.app/api/Repository/addons.md5</checksum>
				<datadir zip="true">https://ukturks.app/api/Repository/addons/</datadir>
				<dir>
					<info compressed="false">https://raw.githubusercontent.com/Gujal00/smrzips/master/addons.xml</info>
					<checksum>https://raw.githubusercontent.com/Gujal00/smrzips/master/addons.xml.md5</checksum>
					<datadir zip="true">https://raw.githubusercontent.com/Gujal00/smrzips/master/zips/</datadir>
				</dir>
		</extension>
		<extension point="xbmc.addon.metadata">
				<summary>Install UKTurk</summary>
				<description>Install UKTurk</description>
				<platform>all</platform>
		</extension>
</addon>
