<?xml version="1.0" encoding="UTF-8" standalone="yes"?>
<addon id="plugin.video.HarleysList" name="Harley's List" version="1.9.3+matrix" provider-name="Forked by Balkan Green">
  <requires>
    <import addon="xbmc.python" version="3.0.0"/>
    <import addon="script.module.requests" version="2.22.0"/>
	<import addon="script.module.beautifulsoup4"/>
  </requires>
  <extension point="xbmc.python.pluginsource" library="default.py">
    <provides>video</provides>
  </extension>
  <extension point="xbmc.addon.metadata">
    <summary lang="en_GB">Harley's List</summary>
    <description lang="en_GB">This addon does not contain any illegal content. Should you add any illegal content, you are fully responsible for any consequences.</description>
    <language>en</language>
    <platform>all</platform>
      <assets>
        <icon>icon.png</icon>
    </assets>
  </extension>
</addon>
