<?xml version="1.0" encoding="UTF-8" standalone="yes"?>
<addon id="plugin.program.C.O.D" name="[COLOR=red]C.O.D[/COLOR] [COLOR=white]Wizard[/COLOR]" version="1.0" provider-name="C.O.D">
  <requires>
    <import addon="xbmc.python" version="3.0.0"/>
	<import addon="script.module.six" />
    <import addon="script.module.kodi-six" />
	<import addon="script.module.requests" version="21.2"/>
	<import addon="script.module.dateutil" optional="true" />
	<import addon="script.module.beautifulsoup4"/>
  </requires>
  <extension point="xbmc.python.pluginsource" library="main.py">
      <provides>executable</provides>
  </extension>
  <extension point="xbmc.service" library="startup.py" start="startup" />
  <extension point="xbmc.addon.metadata">
    <summary lang="en">C.O.D WIZARD</summary>
    <description lang="en">C.O.D WIZARD - All Builds in one place</description>
    <platform>all</platform>
    <assets>
        <icon>icon.png</icon>
        <fanart>fanart.jpg</fanart>
        <banner></banner>
        <clearlogo></clearlogo>
        <screenshot></screenshot>
    </assets>
  </extension>
</addon>