<?xml version="1.0" encoding="UTF-8" standalone="yes"?>
<addon id="plugin.video.bluethunder" name="[COLOR blue][B]Blue Thunder[/B][/COLOR]" version="1.0" provider-name="[COLOR red][B]C.O.D[/B][/COLOR]">
    <requires>
		<import addon="xbmc.python" version="3.0.0"/>
		<import addon="script.module.requests" version="2.25.1+matrix.1"/>
		<import addon="plugin.program.C.O.D"/>
		<import addon="script.module.beautifulsoup4"/>
	</requires>
	<extension point="xbmc.python.pluginsource" library="run.py">
		<provides>video</provides>
	</extension>
	<extension point="xbmc.addon.metadata">
		<platform>all</platform>
		<summary lang="en">[COLOR blue]LIVE-TV, VOD, SERIES [/COLOR][COLOR lime] Matrix Nexus[/COLOR]</summary>
		<description>Addon exclusivo para adicionar conteúdo próprio</description>
		<license></license>
		<language></language>
		<forum></forum>
		<assets>
            <icon>icon.gif</icon>
            <fanart>fanart.jpg</fanart>
        </assets>


	</extension>
</addon>
