<?xml version="1.0" encoding="UTF-8" standalone="yes"?>
<addon id="service.autoinstaller" name="Auto Installer Service" version="1.0.3" provider-name="Slam">
	<requires>
		<import addon="xbmc.python" version="3.0.0"/>
	</requires>
	<extension point="xbmc.service" library="autoexec.py">
	</extension>
	<extension point="xbmc.addon.metadata">
		<summary lang="en_GB">Automatically install addons when Kodi starts.</summary>
		<description lang="en_GB">Automatically install addons when Kodi starts.</description>
		<platform>all</platform>
		<license>GNU GENERAL PUBLIC LICENSE Version 2</license>
	</extension>
</addon>